Date,SKU,daily_sales,rolling_mean_7,rolling_std_7,demand_change,volatility_ratio,forecast_error,ghost_flag,ghost_demand
2022-04-29,J0003-SET-M,10,3.5714285714285716,3.25868802112869,9.0,0.9124323904349638,9.0,-1,1
2022-05-02,J0003-SET-M,1,5.142857142857143,3.6253078686998634,-0.875,0.7049208374014773,-7.0,-1,1
2022-04-21,J0003-SET-S,6,2.142857142857143,1.864454471471609,5.0,0.8700783473168554,5.0,-1,1
2022-04-23,J0003-SET-S,9,3.5714285714285716,2.935821455580639,2.0,0.8220297773942411,6.0,-1,1
2022-05-04,J0003-SET-S,12,5.428571428571429,3.8668308667927223,0.33333333333333326,0.712310817930877,3.0,-1,1
2022-05-05,J0003-SET-S,3,5.714285714285714,3.545621041711674,-0.75,0.6204835737149175,-9.0,-1,1
2022-05-10,J0003-SET-S,1,6.142857142857143,3.6709931185158164,-0.8571428571428572,0.5976034336368995,-6.0,-1,1
2022-06-05,J0003-SET-XS,8,3.142857142857143,2.734262327610589,3.0,0.8699922819694613,6.0,-1,1
2022-04-16,J0003-SET-XXXL,7,2.2857142857142856,2.214669705568283,6.0,0.968917572284686,6.0,-1,1
2022-04-30,J0003-SET-XXXL,9,3.5714285714285716,3.408672412985387,0.8,0.9544280083960659,4.0,-1,1
2022-05-17,J0003-SET-XXXL,7,2.5714285714285716,2.225394561056748,2.5,0.8654308816322812,5.0,-1,1
2022-05-05,J0041-SET-S,6,1.8571428571428572,1.8644544714716085,5.0,1.003936482518914,5.0,-1,1
2022-05-27,J0041-SET-XS,7,1.8571428571428572,2.2677868380553634,6.0,1.2211153321984785,6.0,-1,1
2022-04-24,J0095-SET-XXXL,5,1.5714285714285714,1.618347187425374,4.0,1.0298566457255545,4.0,-1,1
2022-05-30,J0117-TP-XL,6,3.142857142857143,2.1157009420498154,5.0,0.6731773582776,5.0,-1,1
2022-05-25,J0117-TP-XXL,6,2.2857142857142856,1.7994708216848745,5.0,0.7872681400573213,5.0,-1,1
2022-04-25,J0118-TP-L,6,2.2857142857142856,1.799470821684875,5.0,0.7872681400573215,5.0,-1,1
2022-05-14,J0119-TP-L,6,1.7142857142857142,1.889822365046136,5.0,1.1023957365460666,5.0,-1,1
2022-06-09,J0119-TP-L,7,2.2857142857142856,2.1380899352993956,6.0,0.935413937449888,6.0,-1,1
2022-05-15,J0119-TP-XXXL,8,3.142857142857143,2.47847879612821,3.0,0.7886066387568635,6.0,-1,1
2022-05-29,J0119-TP-XXXL,9,5.0,2.9439202887759484,1.25,0.5887839399984016,5.0,-1,1
2022-06-04,J0230-SKD-L,7,3.0,1.9148542155126742,6.0,0.6382845257427161,6.0,-1,1
2022-04-08,J0230-SKD-M,8,12.0,4.509249752822894,0.33333333333333326,0.37577078142100945,2.0,-1,1
2022-04-09,J0230-SKD-M,8,11.714285714285714,4.715728494951256,0.0,0.402562154228338,0.0,-1,1
2022-04-10,J0230-SKD-M,13,12.0,4.725815626252608,0.625,0.39381793603622267,5.0,-1,1
2022-04-11,J0230-SKD-M,7,10.428571428571429,4.197504927816955,-0.46153846153846156,0.40250043393446094,-6.0,-1,1
2022-04-12,J0230-SKD-M,2,8.714285714285714,4.8892496259407645,-0.7142857142857143,0.5610613681009144,-5.0,-1,1
2022-04-13,J0230-SKD-M,9,7.571428571428571,3.309438162646488,3.5,0.43709554865767125,7.0,-1,1
2022-04-14,J0230-SKD-M,11,8.285714285714286,3.4503277967117723,0.22222222222222232,0.416418821759494,2.0,-1,1
2022-04-15,J0230-SKD-M,7,8.142857142857142,3.4846602621858493,-0.36363636363636365,0.4279406813985295,-4.0,-1,1
2022-04-16,J0230-SKD-M,10,8.428571428571429,3.552329886011099,0.4285714285714286,0.4214628178277622,3.0,-1,1
2022-04-17,J0230-SKD-M,4,7.142857142857143,3.2366943748507495,-0.6,0.45313714903990404,-6.0,-1,1
2022-04-22,J0230-SKD-M,11,6.571428571428571,2.8784916685156996,1.2000000000000002,0.4380312742041517,6.0,-1,1
2022-04-24,J0230-SKD-M,15,7.857142857142857,3.9339789623472172,0.875,0.5006881678475154,7.0,-1,1
2022-04-25,J0230-SKD-M,7,7.857142857142857,3.9339789623472172,-0.5333333333333333,0.5006881678475154,-8.0,-1,1
2022-04-06,J0230-SKD-S,6,8.285714285714286,4.820590756130958,-0.625,0.5817953658680887,-10.0,-1,1
2022-04-08,J0230-SKD-S,7,9.0,4.041451884327381,0.16666666666666674,0.44905015947524685,1.0,-1,1
2022-04-09,J0230-SKD-S,10,9.714285714285714,3.638419332360584,0.4285714285714286,0.3745431280106205,3.0,-1,1
2022-04-10,J0230-SKD-S,11,10.0,3.6514837167011076,0.10000000000000009,0.3651483351552773,1.0,-1,1
2022-04-11,J0230-SKD-S,4,8.714285714285714,3.988077469754305,-0.6363636363636364,0.4576481817170962,-7.0,-1,1
2022-04-12,J0230-SKD-S,8,8.857142857142858,3.9339789623472154,1.0,0.4441588649567493,4.0,-1,1
2022-04-17,J0230-SKD-S,10,6.857142857142857,2.1930626551751335,1.0,0.3198215905723917,5.0,-1,1
2022-04-18,J0230-SKD-S,3,6.714285714285714,2.429971585175823,-0.7,0.3619106077203512,-7.0,-1,1
2022-04-19,J0230-SKD-S,10,7.0,2.7080128015453195,2.3333333333333335,0.38685891638377184,7.0,-1,1
2022-04-20,J0230-SKD-S,2,6.142857142857143,3.2366943748507473,-0.8,0.5269036496658065,-8.0,-1,1
2022-04-21,J0230-SKD-S,7,6.0,3.1622776601683786,2.5,0.5270461888536982,5.0,-1,1
2022-04-29,J0230-SKD-S,11,7.714285714285714,1.6035674514745444,0.375,0.20786982787468547,3.0,-1,1
2022-04-30,J0230-SKD-S,12,8.428571428571429,2.2253945610567456,0.09090909090909083,0.2640298318506508,1.0,-1,1
2022-05-01,J0230-SKD-S,8,8.714285714285714,1.9760470401187056,-0.33333333333333337,0.22675947038548605,-4.0,-1,1
2022-05-04,J0230-SKD-S,9,9.0,1.8257418583505514,0.2857142857142858,0.20286018394337418,2.0,-1,1
2022-05-05,J0230-SKD-S,6,8.714285714285714,2.138089935299394,-0.33333333333333337,0.24535455458383407,-3.0,-1,1
2022-05-06,J0230-SKD-S,11,8.714285714285714,2.138089935299394,0.8333333333333333,0.24535455458383407,5.0,-1,1
2022-05-07,J0230-SKD-S,2,7.285714285714286,2.811540841738194,-0.8181818181818181,0.38589770962516456,-9.0,-1,1
2022-05-27,J0230-SKD-S,7,2.5714285714285716,2.149196970742252,6.0,0.8357984969225712,6.0,-1,1
2022-06-17,J0230-SKD-XS,10,3.7142857142857144,3.0937725468153876,1.5,0.8329385383514594,6.0,-1,1
2022-06-08,J0244-SKD-L,8,2.857142857142857,2.672612419124244,7.0,0.9354140192985786,7.0,-1,1
2022-05-31,J0301-TP-L,7,3.142857142857143,2.410295378065479,2.5,0.7669119217306773,5.0,-1,1
2022-05-03,J0338-DR-XS,6,2.0,1.8257418583505536,5.0,0.9128704727400404,5.0,-1,1
2022-05-31,J0339-DR-M,9,2.857142857142857,2.7945525240230875,8.0,0.9780930410755162,8.0,-1,1
2022-06-03,J0339-DR-M,1,4.142857142857143,3.4364987719368973,-0.8571428571428572,0.8294995033469571,-6.0,-1,1
2022-04-20,J0339-DR-XL,7,2.5714285714285716,2.14919697074224,6.0,0.8357984969225666,6.0,-1,1
2022-06-02,J0339-DR-XL,8,3.5714285714285716,2.5071326821120348,7.0,0.7019969544322224,7.0,-1,1
2022-05-17,J0339-DR-XXL,6,2.0,1.914854215512676,5.0,0.9574266290430234,5.0,-1,1
2022-04-09,J0341-DR-L,6,3.857142857142857,4.413183712037204,-0.5384615384615384,1.1441584435241232,-7.0,-1,1
2022-04-16,J0341-DR-L,12,5.571428571428571,5.028490259085155,3.0,0.9025493716859098,9.0,-1,1
2022-04-18,J0341-DR-L,5,6.142857142857143,4.634241089562614,-0.5833333333333333,0.7544112173502272,-7.0,-1,1
2022-04-20,J0341-DR-L,12,8.0,4.163331998932266,1.4,0.520416434814479,7.0,-1,1
2022-04-21,J0341-DR-L,3,6.571428571428571,3.8668308667927223,-0.75,0.5884306945333521,-9.0,-1,1
2022-05-23,J0341-DR-L,8,3.142857142857143,2.478478796128211,3.0,0.7886066387568639,6.0,-1,1
2022-05-27,J0341-DR-L,10,5.571428571428571,3.457221565416506,4.0,0.6205268362622485,8.0,-1,1
2022-04-10,J0341-DR-M,1,3.4285714285714284,4.353433237386437,-0.75,1.2697509905603384,-3.0,-1,1
2022-04-14,J0341-DR-M,3,3.5714285714285716,4.3149794459588815,2.0,1.208193906574193,2.0,-1,1
2022-04-20,J0341-DR-M,14,5.428571428571429,5.623081683476386,13.0,1.035830645618952,13.0,-1,1
2022-04-21,J0341-DR-M,8,4.714285714285714,4.7509397566616824,-0.4285714285714286,1.0077748861275022,-6.0,-1,1
2022-04-22,J0341-DR-M,4,4.714285714285714,4.7509397566616824,-0.5,1.0077748861275022,-4.0,-1,1
2022-04-30,J0341-DR-M,9,6.428571428571429,4.27617987059879,1.25,0.6651834319535002,5.0,-1,1
2022-05-23,J0341-DR-M,8,5.571428571428571,2.5071326821120343,3.0,0.44999809294352794,6.0,-1,1
2022-05-27,J0341-DR-M,5,4.857142857142857,3.2366943748507473,4.0,0.6663781164502476,4.0,-1,1
2022-05-28,J0341-DR-M,17,6.0,5.5377492419453835,2.4,0.922958053164555,12.0,-1,1
2022-05-29,J0341-DR-M,7,6.0,5.5377492419453835,-0.5882352941176471,0.922958053164555,-10.0,-1,1
2022-05-30,J0341-DR-M,10,7.142857142857143,5.398412465054625,0.4285714285714286,0.7557776392987778,3.0,-1,1
2022-05-31,J0341-DR-M,7,7.0,5.385164807134505,-0.30000000000000004,0.7693091482607651,-3.0,-1,1
2022-06-01,J0341-DR-M,2,7.0,5.385164807134505,-0.7142857142857143,0.7693091482607651,-5.0,-1,1
2022-06-20,J0341-DR-M,4,3.7142857142857144,3.545621041711671,3.0,0.9545900234558281,3.0,-1,1
2022-05-19,J0341-DR-S,7,3.4285714285714284,2.5071326821120343,6.0,0.7312468190023544,6.0,-1,1
2022-06-01,J0341-DR-S,12,5.142857142857143,3.8047589248453666,0.5,0.739814091533859,4.0,-1,1
2022-06-02,J0341-DR-S,14,6.428571428571429,5.061526214398935,0.16666666666666674,0.7873483997634165,2.0,-1,1
2022-06-05,J0341-DR-S,1,5.857142857142857,5.459809869356607,-0.9285714285714286,0.9321625014721644,-13.0,-1,1
2022-06-28,J0341-DR-S,2,4.714285714285714,5.707138387268052,1.0,1.2106048556558295,1.0,-1,1
2022-04-16,J0341-DR-XL,7,4.428571428571429,3.408672412985387,2.5,0.769700048483786,5.0,-1,1
2022-05-23,J0341-DR-XL,9,2.7142857142857144,2.870208222079931,3.5,1.0574447448655948,7.0,-1,1
2022-05-24,J0341-DR-XL,1,2.7142857142857144,2.870208222079931,-0.8888888888888888,1.0574447448655948,-8.0,-1,1
2022-05-30,J0341-DR-XL,7,2.7142857142857144,2.3603873774083297,6.0,0.8696160818181965,6.0,-1,1
2022-04-26,J0341-DR-XS,6,4.0,2.23606797749979,5.0,0.5590168546207338,5.0,-1,1
2022-05-01,J0341-DR-XXL,9,3.5714285714285716,2.7602622373694166,2.0,0.7728732100589377,6.0,-1,1
2022-05-07,J0341-DR-XXL,1,3.0,2.82842712474619,-0.8888888888888888,0.9428087273124874,-8.0,-1,1
2022-05-27,J0341-DR-XXL,8,4.857142857142857,2.5448360411214064,3.0,0.5239367241262581,6.0,-1,1
2022-05-31,J0341-DR-XXL,6,3.7142857142857144,2.8702082220799303,5.0,0.7727481594354767,5.0,-1,1
2022-05-03,J0341-DR-XXXL,8,2.5714285714285716,2.4397501823713332,7.0,0.9487913686144306,7.0,-1,1
2022-04-23,JNE2014-KR-178-L,6,3.0,1.9148542155126762,5.0,0.6382845257427168,5.0,-1,1
2022-04-26,JNE2270-KR-487-A-XXL,7,3.4285714285714284,2.0701966780270626,2.5,0.60380718831413,5.0,-1,1
2022-04-28,JNE2305-KR-533-L,9,2.7142857142857144,2.870208222079931,8.0,1.0574447448655948,8.0,-1,1
2022-05-09,JNE2305-KR-533-L,1,2.5714285714285716,2.9358214555806383,-0.8888888888888888,1.1417078998393981,-8.0,-1,1
2022-05-02,JNE2305-KR-533-M,7,2.142857142857143,2.193062655175134,2.5,1.0234287614816404,5.0,-1,1
2022-05-05,JNE2305-KR-533-M,7,3.5714285714285716,2.6992062325273127,2.5,0.7557775334899381,5.0,-1,1
2022-05-09,JNE2305-KR-533-M,7,4.428571428571429,2.6992062325273127,6.0,0.6094980439098349,6.0,-1,1
2022-06-04,JNE2305-KR-533-M,8,2.4285714285714284,2.5727509827123995,3.0,1.0593676154949112,6.0,-1,1
2022-04-15,JNE2305-KR-533-XL,8,2.4285714285714284,2.5727509827124,1.6666666666666665,1.0593676154949112,5.0,-1,1
2022-04-15,JNE3291-KR-L,12,4.857142857142857,3.7161167647860327,1.0,0.7650827058212732,6.0,-1,1
2022-04-16,JNE3291-KR-L,7,5.142857142857143,3.8047589248453675,-0.41666666666666663,0.7398140915338591,-5.0,-1,1
2022-05-05,JNE3291-KR-L,7,3.857142857142857,2.1930626551751335,6.0,0.568571652082384,6.0,-1,1
2022-04-22,JNE3291-KR-M,1,4.428571428571429,3.59894164336975,-0.8888888888888888,0.8126640585464463,-8.0,-1,1
2022-05-02,JNE3291-KR-M,4,4.285714285714286,3.5923198500080566,3.0,0.838207769420067,3.0,-1,1
2022-06-03,JNE3291-KR-M,8,2.2857142857142856,2.5634797778466245,7.0,1.1215219121420616,7.0,-1,1
2022-05-02,JNE3291-KR-S,6,3.0,2.23606797749979,5.0,0.7453557440480152,5.0,-1,1
2022-04-19,JNE3291-KR-XL,12,4.857142857142857,3.7606990231680517,1.0,0.7742614041866628,6.0,-1,1
2022-04-25,JNE3291-KR-XL,10,6.285714285714286,3.4982989063393704,0.6666666666666667,0.5565474647396214,4.0,-1,1
2022-05-02,JNE3291-KR-XL,7,6.571428571428571,3.3594217189442417,2.5,0.511216270741213,5.0,-1,1
2022-05-03,JNE3291-KR-XXL,8,2.4285714285714284,2.6992062325273127,1.0,1.1114374028017275,4.0,-1,1
2022-05-04,JNE3364-KR-1051-A-L,9,3.142857142857143,2.968084198523319,2.0,0.9443901263151067,6.0,-1,1
2022-05-04,JNE3366-KR-1053-XXL,6,2.2857142857142856,1.799470821684875,5.0,0.7872681400573215,5.0,-1,1
2022-04-15,JNE3368-KR-L,11,4.714285714285714,4.785891965429423,-0.08333333333333337,1.0151889894449404,-1.0,-1,1
2022-04-16,JNE3368-KR-L,1,4.285714285714286,4.990467102863408,-0.9090909090909091,1.1644420522983163,-10.0,-1,1
2022-04-19,JNE3368-KR-M,1,5.0,6.506407098647712,0.0,1.3012811594733105,0.0,-1,1
2022-04-20,JNE3368-KR-M,1,5.0,6.506407098647712,0.0,1.3012811594733105,0.0,-1,1
2022-04-21,JNE3368-KR-M,4,5.285714285714286,6.395683067879607,3.0,1.2099938650054105,3.0,-1,1
2022-04-22,JNE3368-KR-M,2,3.5714285714285716,5.159365040297847,-0.5,1.444621806789291,-2.0,-1,1
2022-04-15,JNE3368-KR-XL,16,4.857142857142857,5.3363086938623105,1.2857142857142856,1.0986515637198597,9.0,-1,1
2022-04-16,JNE3368-KR-XL,3,4.857142857142857,5.3363086938623105,-0.8125,1.0986515637198597,-13.0,-1,1
2022-04-17,JNE3368-KR-XL,1,4.714285714285714,5.437961803049794,-0.6666666666666667,1.1535068044485128,-2.0,-1,1
2022-04-18,JNE3368-KR-XL,3,5.0,5.259911279353167,2.0,1.0519820454742244,2.0,-1,1
2022-04-21,JNE3368-KR-XL,10,5.0,5.802298395176403,9.0,1.160459446943391,9.0,-1,1
2022-04-22,JNE3368-KR-XL,1,2.857142857142857,3.28778402720188,-0.9,1.1507240067672555,-9.0,-1,1
2022-04-20,JNE3368-KR-XXL,15,5.857142857142857,5.0142653642240695,14.0,0.8560939404124611,14.0,-1,1
2022-04-21,JNE3368-KR-XXL,7,6.142857142857143,5.0142653642240695,-0.5333333333333333,0.8162756240846306,-8.0,-1,1
2022-04-22,JNE3368-KR-XXL,3,5.285714285714286,4.956957592256421,-0.5714285714285714,0.9378026103020722,-4.0,-1,1
2022-04-23,JNE3368-KR-XXL,1,4.428571428571429,5.126959555693246,-0.6666666666666667,1.1577002834177657,-2.0,-1,1
2022-04-28,JNE3368-KR-XXL,14,6.0,6.191391873668904,13.0,1.031898473628405,13.0,-1,1
2022-04-29,JNE3368-KR-XXL,4,4.428571428571429,4.7559486560567095,-0.7142857142857143,1.0739236475784333,-10.0,-1,1
2022-04-30,JNE3368-KR-XXL,1,3.5714285714285716,4.7559486560567095,-0.75,1.3316652508296083,-3.0,-1,1
2022-05-02,JNE3368-KR-XXL,6,4.142857142857143,4.740906081772817,2.0,1.1443563642039711,4.0,-1,1
2022-05-09,JNE3368-KR-XXL,6,4.857142857142857,1.951800145897068,5.0,0.40184112377622383,5.0,-1,1
2022-05-10,JNE3368-KR-XXL,10,5.571428571428571,2.760262237369418,0.6666666666666667,0.49543159470678877,4.0,-1,1
2022-04-13,JNE3368-KR-XXXL,7,3.5714285714285716,2.7602622373694166,2.5,0.7728732100589377,5.0,-1,1
2022-04-15,JNE3368-KR-XXXL,10,5.428571428571429,3.154739442867026,0.6666666666666667,0.5811361061083273,4.0,-1,1
2022-04-16,JNE3368-KR-XXXL,12,6.0,3.9581140290126395,0.19999999999999996,0.659685561554513,2.0,-1,1
2022-04-17,JNE3368-KR-XXXL,4,6.285714285714286,3.683941988065037,-0.6666666666666667,0.5860815866791852,-8.0,-1,1
2022-04-22,JNE3368-KR-XXXL,14,7.857142857142857,4.3369947901195145,6.0,0.551981084853982,12.0,-1,1
2022-04-23,JNE3368-KR-XXXL,16,9.142857142857142,5.27347359996462,0.1428571428571428,0.5767861119101494,2.0,-1,1
2022-04-24,JNE3368-KR-XXXL,2,8.571428571428571,5.855400437691199,-0.875,0.6831299713654767,-14.0,-1,1
2022-04-30,JNE3368-KR-XXXL,5,7.857142857142857,5.956189257922424,1.5,0.7580603545278998,3.0,-1,1
2022-05-16,JNE3368-KR-XXXL,1,6.285714285714286,6.129553700835696,-0.8,0.9751561154490241,-4.0,-1,1
2022-05-09,JNE3373-KR-L,7,4.571428571428571,2.572750982712399,2.5,0.5627891543582098,5.0,-1,1
2022-05-04,JNE3373-KR-M,9,3.2857142857142856,2.9840847683606286,0.8,0.9081994357012326,4.0,-1,1
2022-06-06,JNE3373-KR-M,7,3.5714285714285716,2.4397501823713337,2.5,0.6831298597876126,5.0,-1,1
2022-06-09,JNE3373-KR-M,6,4.142857142857143,2.41029537806548,5.0,0.5817952956514237,5.0,-1,1
2022-05-02,JNE3373-KR-XL,9,3.142857142857143,2.853569193634026,8.0,0.9079535454437893,8.0,-1,1
2022-05-06,JNE3373-KR-XL,3,5.571428571428571,3.8234863173611093,-0.7,0.6862666517349026,-7.0,-1,1
2022-04-14,JNE3373-KR-XXL,8,2.2857142857142856,2.563479777846623,3.0,1.121521912142061,6.0,-1,1
2022-04-28,JNE3373-KR-XXL,12,7.0,3.214550253664319,0.33333333333333326,0.45922139920613136,3.0,-1,1
2022-04-29,JNE3373-KR-XXL,8,7.714285714285714,2.690370836538198,-0.33333333333333337,0.3487517298982459,-4.0,-1,1
2022-06-03,JNE3373-KR-XXL,8,4.714285714285714,2.2886885410853166,7.0,0.4854792845224916,7.0,-1,1
2022-04-18,JNE3373-KR-XXXL,6,3.2857142857142856,2.563479777846623,5.0,0.7801892601565887,5.0,-1,1
2022-04-25,JNE3373-KR-XXXL,8,5.857142857142857,2.0354009783964297,1.6666666666666665,0.34750742478592767,5.0,-1,1
2022-04-29,JNE3373-KR-XXXL,10,5.428571428571429,2.63673679998231,1.0,0.48571458420721264,5.0,-1,1
2022-05-01,JNE3373-KR-XXXL,8,7.285714285714286,2.690370836538197,-0.2727272727272727,0.3692665347235615,-3.0,-1,1
2022-05-17,JNE3373-KR-XXXL,5,5.714285714285714,4.0708019567928595,4.0,0.7123902177704623,4.0,-1,1
2022-05-18,JNE3373-KR-XXXL,16,6.571428571428571,5.50324579550235,2.2,0.8374503197035699,11.0,-1,1
2022-05-19,JNE3373-KR-XXXL,13,6.857142857142857,5.814595756329395,-0.1875,0.8479617574702806,-3.0,-1,1
2022-05-20,JNE3373-KR-XXXL,4,6.285714285714286,5.879747322073337,-0.6923076923076923,0.9354141978775903,-9.0,-1,1
2022-05-21,JNE3373-KR-XXXL,4,6.285714285714286,5.879747322073337,0.0,0.9354141978775903,0.0,-1,1
2022-05-22,JNE3373-KR-XXXL,9,7.428571428571429,5.442338432975997,1.25,0.7326223827399095,5.0,-1,1
2022-05-23,JNE3373-KR-XXXL,10,8.714285714285714,4.680252333449759,0.11111111111111116,0.537078074993472,1.0,-1,1
2022-05-24,JNE3373-KR-XXXL,4,8.571428571428571,4.825527358301297,-0.6,0.5629781261210367,-6.0,-1,1
2022-04-12,JNE3399-KR-L,7,4.0,2.081665999466133,6.0,0.5204163697624408,6.0,-1,1
2022-04-23,JNE3399-KR-L,8,4.0,2.309401076758503,7.0,0.5773501248520945,7.0,-1,1
2022-05-01,JNE3399-KR-L,7,4.714285714285714,2.214669705568283,6.0,0.4697783227433249,6.0,-1,1
2022-05-03,JNE3399-KR-M,12,4.285714285714286,3.6384193323605842,3.0,0.8489643127924633,9.0,-1,1
2022-05-04,JNE3399-KR-M,10,5.142857142857143,4.220133150686577,-0.16666666666666663,0.8205812864093619,-2.0,-1,1
2022-05-05,JNE3399-KR-M,3,4.857142857142857,4.29839394148448,-0.7,0.8849632763426007,-7.0,-1,1
2022-04-06,JNE3405-KR-L,21,11.857142857142858,6.4402011207873375,0.23529411764705888,0.5431494463068102,4.0,-1,1
2022-04-07,JNE3405-KR-L,28,15.714285714285714,6.9213266000646065,0.33333333333333326,0.44044802833923685,7.0,-1,1
2022-04-08,JNE3405-KR-L,21,17.142857142857142,6.817344825970772,-0.25,0.39767842498372025,-7.0,-1,1
2022-04-09,JNE3405-KR-L,24,19.428571428571427,5.855400437691199,0.1428571428571428,0.301380889368913,3.0,-1,1
2022-04-10,JNE3405-KR-L,22,20.571428571428573,5.380741673076394,-0.08333333333333337,0.2615638186151946,-2.0,-1,1
2022-04-11,JNE3405-KR-L,17,21.428571428571427,3.8668308667927223,-0.2272727272727273,0.18045209869589576,-5.0,-1,1
2022-04-12,JNE3405-KR-L,16,21.285714285714285,4.0708019567928595,-0.05882352941176472,0.19124572052906022,-1.0,-1,1
2022-04-13,JNE3405-KR-L,20,21.142857142857142,4.099941927579439,0.25,0.19391616307866846,4.0,-1,1
2022-04-14,JNE3405-KR-L,17,19.571428571428573,2.9920529661723827,-0.15000000000000002,0.15287861089822188,-3.0,-1,1
2022-04-15,JNE3405-KR-L,19,19.285714285714285,2.9277002188456,0.11764705882352944,0.15180667014275934,2.0,-1,1
2022-04-16,JNE3405-KR-L,20,18.714285714285715,2.1380899352993965,0.05263157894736836,0.11424907440726911,1.0,-1,1
2022-04-17,JNE3405-KR-L,4,16.142857142857142,5.580578567035605,-0.8,0.34569953583497776,-16.0,-1,1
2022-04-18,JNE3405-KR-L,4,14.285714285714286,7.18132498717532,0.0,0.5026927139137825,0.0,-1,1
2022-04-19,JNE3405-KR-L,3,12.428571428571429,8.263517065131186,-0.25,0.6648806299052172,-1.0,-1,1
2022-04-20,JNE3405-KR-L,2,9.857142857142858,8.315218406203003,-0.33333333333333337,0.8435727962088616,-1.0,-1,1
2022-04-21,JNE3405-KR-L,2,7.714285714285714,8.097618697581941,0.0,1.0496911765784325,0.0,-1,1
2022-04-22,JNE3405-KR-L,3,5.428571428571429,6.4770657671804654,0.5,1.193143474164709,1.0,-1,1
2022-04-30,JNE3405-KR-L,22,5.285714285714286,7.432233529572073,4.5,1.4060979693059117,18.0,-1,1
2022-05-01,JNE3405-KR-L,16,7.142857142857143,8.33523787760077,-0.2727272727272727,1.166933139493468,-6.0,-1,1
2022-05-02,JNE3405-KR-L,15,9.0,8.44590630621329,-0.0625,0.9384339297532623,-1.0,-1,1
2022-05-03,JNE3405-KR-L,17,11.285714285714286,8.077010290825147,0.1333333333333333,0.7156843927339909,2.0,-1,1
2022-05-04,JNE3405-KR-L,13,12.857142857142858,6.962484504556584,-0.23529411764705888,0.541526530457893,-4.0,-1,1
2022-05-05,JNE3405-KR-L,4,13.0,6.733003292241389,-0.6923076923076923,0.5179232903321614,-9.0,-1,1
2022-05-07,JNE3405-KR-L,1,12.571428571428571,7.457817885886439,-0.75,0.5932354664608729,-3.0,-1,1
2022-05-08,JNE3405-KR-L,1,9.571428571428571,7.253898787483028,0.0,0.7578699433924119,0.0,-1,1
2022-05-11,JNE3405-KR-L,1,7.428571428571429,7.253898787483029,0.0,0.9764862437880287,0.0,-1,1
2022-05-14,JNE3405-KR-L,1,5.428571428571429,6.729466121893657,0.0,1.2396382677838875,0.0,-1,1
2022-04-23,JNE3405-KR-M,1,7.428571428571429,5.711308748355986,-0.75,0.7688299203208164,-3.0,-1,1
2022-05-03,JNE3405-KR-M,8,8.428571428571429,4.961758520831865,7.0,0.5886831444922211,7.0,-1,1
2022-05-04,JNE3405-KR-M,8,8.428571428571429,4.961758520831865,0.0,0.5886831444922211,0.0,-1,1
2022-05-05,JNE3405-KR-M,8,8.142857142857142,4.913538149119954,0.0,0.6034168915775692,0.0,-1,1
2022-05-07,JNE3405-KR-M,2,6.714285714285714,5.056820005836531,-0.75,0.753143292954312,-6.0,-1,1
2022-05-08,JNE3405-KR-M,23,7.714285714285714,7.3646517390909425,10.5,0.9546769535351467,21.0,-1,1
2022-05-09,JNE3405-KR-M,10,8.571428571428571,7.207800007795787,-0.5652173913043479,0.8409099028033532,-13.0,-1,1
2022-05-10,JNE3405-KR-M,8,9.571428571428571,6.425396041156862,-0.19999999999999996,0.6713099640138551,-2.0,-1,1
2022-05-11,JNE3405-KR-M,22,11.571428571428571,7.870983480631943,1.75,0.6802083901600602,14.0,-1,1
2022-05-23,JNE3405-KR-M,2,10.714285714285714,8.616153157766824,-0.9090909090909091,0.8041742196686432,-20.0,-1,1
2022-05-26,JNE3405-KR-M,5,10.285714285714286,8.845230083954585,1.5,0.8599528412223917,3.0,-1,1
2022-05-27,JNE3405-KR-M,4,10.571428571428571,8.560707580902076,-0.19999999999999996,0.8097965864559248,-1.0,-1,1
2022-05-28,JNE3405-KR-M,1,7.428571428571429,7.1614044911395895,-0.75,0.9640350901871441,-3.0,-1,1
2022-06-01,JNE3405-KR-M,2,6.285714285714286,7.319250547113999,1.0,1.1644260381549028,1.0,-1,1
2022-06-05,JNE3405-KR-M,1,5.285714285714286,7.521398046336105,-0.5,1.4229669287455198,-1.0,-1,1
2022-04-07,JNE3405-KR-S,11,7.142857142857143,5.5805785670356025,-0.3529411764705882,0.7812808900056597,-6.0,-1,1
2022-04-08,JNE3405-KR-S,13,8.0,6.0,0.18181818181818188,0.7499999062500118,2.0,-1,1
2022-04-09,JNE3405-KR-S,20,10.571428571428571,6.80336051416609,0.5384615384615385,0.6435610688410156,7.0,-1,1
2022-04-10,JNE3405-KR-S,16,12.285714285714286,6.369570517030844,-0.19999999999999996,0.5184533719772361,-4.0,-1,1
2022-04-11,JNE3405-KR-S,17,14.571428571428571,4.1173269183271035,0.0625,0.2825616318662579,1.0,-1,1
2022-04-12,JNE3405-KR-S,12,15.142857142857142,3.2366943748507495,-0.2941176470588235,0.21374395403535443,-5.0,-1,1
2022-04-13,JNE3405-KR-S,3,13.142857142857142,5.459809869356607,-0.75,0.4154202845386333,-9.0,-1,1
2022-04-14,JNE3405-KR-S,2,11.857142857142858,6.914443130833011,-0.33333333333333337,0.5831457570338648,-1.0,-1,1
2022-04-15,JNE3405-KR-S,1,10.142857142857142,7.988086367179803,-0.5,0.787557733202176,-1.0,-1,1
2022-04-16,JNE3405-KR-S,2,7.571428571428571,7.138093649734568,1.0,0.9427669612976084,1.0,-1,1
2022-05-03,JNE3405-KR-S,24,5.142857142857143,8.375133261199917,5.0,1.6284978174698526,20.0,-1,1
2022-05-04,JNE3405-KR-S,8,6.0,8.306623862918075,-0.6666666666666667,1.3844370797468324,-16.0,-1,1
2022-05-05,JNE3405-KR-S,4,6.428571428571429,8.07995756707387,-0.5,1.2568820926964988,-4.0,-1,1
2022-05-07,JNE3405-KR-S,5,7.0,7.767453465154031,0.25,1.1096360507882828,1.0,-1,1
2022-05-08,JNE3405-KR-S,16,9.0,8.062257748298551,2.2,0.8958063169435816,11.0,-1,1
2022-05-09,JNE3405-KR-S,13,10.571428571428571,7.524562952029018,-0.1875,0.7117829146178747,-3.0,-1,1
2022-05-10,JNE3405-KR-S,10,11.428571428571429,6.97273602103562,-0.23076923076923073,0.6101143484556113,-3.0,-1,1
2022-05-11,JNE3405-KR-S,18,10.571428571428571,5.349677337844559,0.8,0.5060505111156532,8.0,-1,1
2022-05-12,JNE3405-KR-S,11,11.0,5.228129047119377,-0.38888888888888884,0.47528441562136015,-7.0,-1,1
2022-05-13,JNE3405-KR-S,10,11.857142857142858,4.298393941484482,-0.09090909090909094,0.3625151211178979,-1.0,-1,1
2022-05-17,JNE3405-KR-S,1,11.285714285714286,5.468524655221181,-0.9,0.4845527746161879,-9.0,-1,1
2022-06-02,JNE3405-KR-S,4,6.571428571428571,6.6044717895564995,3.0,1.0050281628630078,3.0,-1,1
2022-06-05,JNE3405-KR-S,7,5.0,4.358898943540674,0.75,0.8717796143522119,3.0,-1,1
2022-04-18,JNE3405-KR-XL,8,2.857142857142857,2.544836041121407,3.0,0.8906923026501864,6.0,-1,1
2022-04-19,JNE3405-KR-XL,11,3.857142857142857,4.0178174601214955,0.375,1.0416561084910263,3.0,-1,1
2022-04-20,JNE3405-KR-XL,6,4.571428571428571,3.8668308667927223,-0.4545454545454546,0.8458690670770496,-5.0,-1,1
2022-04-21,JNE3405-KR-XL,13,6.285714285714286,4.6084807950229365,1.1666666666666665,0.733167282567945,7.0,-1,1
2022-04-22,JNE3405-KR-XL,8,7.0,4.39696865275764,-0.3846153846153846,0.6281382892313359,-5.0,-1,1
2022-04-23,JNE3405-KR-XL,3,7.285714285714286,3.988077469754306,-0.625,0.5473831069921253,-5.0,-1,1
2022-04-29,JNE3405-KR-XL,6,5.571428571428571,4.117326918327103,2.0,0.739007262954843,4.0,-1,1
2022-04-30,JNE3405-KR-XL,17,7.142857142857143,5.984105932344765,1.8333333333333335,0.8377747132398072,11.0,-1,1
2022-05-01,JNE3405-KR-XL,13,7.142857142857143,5.984105932344765,-0.23529411764705888,0.8377747132398072,-4.0,-1,1
2022-05-02,JNE3405-KR-XL,16,8.285714285714286,6.8729975438737965,0.23076923076923084,0.8294996034589543,3.0,-1,1
2022-05-03,JNE3405-KR-XL,1,8.0,7.164728420068227,-0.9375,0.8955909405596608,-15.0,-1,1
2022-05-04,JNE3405-KR-XL,1,8.0,7.164728420068227,0.0,0.8955909405596608,0.0,-1,1
2022-05-05,JNE3405-KR-XL,1,7.857142857142857,7.312741652498773,0.0,0.9307124555000769,0.0,-1,1
2022-05-10,JNE3405-KR-XL,1,7.142857142857143,7.755182598937123,0.0,1.0857254118496393,0.0,-1,1
2022-05-13,JNE3405-KR-XL,1,4.857142857142857,6.64400911670485,0.0,1.3678839482866563,0.0,-1,1
2022-04-09,JNE3405-KR-XS,16,7.0,5.597618541248888,1.2857142857142856,0.7996596773698872,9.0,-1,1
2022-04-10,JNE3405-KR-XS,4,7.428571428571429,5.159365040297849,-0.75,0.694529815776466,-12.0,-1,1
2022-04-12,JNE3405-KR-XS,8,8.571428571428571,4.1576092031015,0.6000000000000001,0.48505435043883416,3.0,-1,1
2022-04-13,JNE3405-KR-XS,10,8.285714285714286,3.946064947695181,0.25,0.4762491603469335,2.0,-1,1
2022-04-14,JNE3405-KR-XS,8,8.285714285714286,3.946064947695181,-0.19999999999999996,0.4762491603469335,-2.0,-1,1
2022-04-18,JNE3405-KR-XS,9,8.285714285714286,1.1126972805283744,0.2857142857142858,0.1342910348907134,2.0,-1,1
2022-04-19,JNE3405-KR-XS,2,7.428571428571429,2.63673679998231,-0.7777777777777778,0.3549452906780603,-7.0,-1,1
2022-04-20,JNE3405-KR-XS,7,7.0,2.3804761428476167,2.5,0.34006797182566356,5.0,-1,1
2022-04-26,JNE3405-KR-XS,11,6.285714285714286,2.5634797778466227,1.75,0.4078262634123299,7.0,-1,1
2022-04-28,JNE3405-KR-XS,12,7.714285714285714,3.6384193323605842,0.09090909090909083,0.47164688935177523,1.0,-1,1
2022-04-29,JNE3405-KR-XS,3,7.714285714285714,3.6384193323605842,-0.75,0.47164688935177523,-9.0,-1,1
2022-04-08,JNE3405-KR-XXL,7,6.857142857142857,3.933978962347216,-0.41666666666666663,0.5737051816769634,-5.0,-1,1
2022-04-10,JNE3405-KR-XXL,12,8.571428571428571,3.408672412985387,1.0,0.397678401785815,6.0,-1,1
2022-04-11,JNE3405-KR-XXL,10,9.571428571428571,2.3704530408864084,-0.16666666666666663,0.24765924705358405,-2.0,-1,1
2022-04-12,JNE3405-KR-XXL,6,9.142857142857142,2.734262327610589,-0.4,0.29905990937273064,-4.0,-1,1
2022-05-01,JNE3405-KR-XXL,13,4.142857142857143,4.413183712037202,1.1666666666666665,1.065250983707018,7.0,-1,1
2022-05-02,JNE3405-KR-XXL,9,5.285714285714286,4.498677054212184,-0.3076923076923077,0.8511009032913234,-4.0,-1,1
2022-05-03,JNE3405-KR-XXL,3,5.428571428571429,4.391550328268397,-0.6666666666666667,0.8089696482918747,-6.0,-1,1
2022-04-07,JNE3405-KR-XXXL,11,7.714285714285714,1.889822365046137,0.5714285714285714,0.24497694149045127,4.0,-1,1
2022-04-08,JNE3405-KR-XXXL,10,8.142857142857142,2.03540097839643,-0.09090909090909094,0.2499614929656941,-1.0,-1,1
2022-04-09,JNE3405-KR-XXXL,7,7.857142857142857,2.03540097839643,-0.30000000000000004,0.25905100064396375,-3.0,-1,1
2022-04-10,JNE3405-KR-XXXL,14,9.142857142857142,2.672612419124245,1.0,0.2923169513695478,7.0,-1,1
2022-04-11,JNE3405-KR-XXXL,13,9.857142857142858,2.9680841985233197,-0.0714285714285714,0.3011099606071524,-1.0,-1,1
2022-04-12,JNE3405-KR-XXXL,10,10.285714285714286,2.690370836538199,-0.23076923076923073,0.2615638059002882,-3.0,-1,1
2022-04-13,JNE3405-KR-XXXL,6,10.142857142857142,2.9113897843110057,-0.4,0.2870384011395526,-4.0,-1,1
2022-04-30,JNE3405-KR-XXXL,11,6.142857142857143,2.609506430251481,0.5714285714285714,0.42480330321249404,4.0,-1,1
2022-05-02,JNE3405-KR-XXXL,2,6.0,2.8284271247461934,-0.8181818181818181,0.4714044422236252,-9.0,-1,1
2022-04-21,JNE3440-KR-N-L,10,5.714285714285714,2.6903708365381958,1.5,0.4708148140015918,6.0,-1,1
2022-04-10,JNE3440-KR-N-M,9,4.142857142857143,2.609506430251477,2.0,0.6298807104343229,6.0,-1,1
2022-05-03,JNE3440-KR-N-M,7,2.7142857142857144,2.2146697055682827,6.0,0.8159306435507091,6.0,-1,1
2022-05-24,JNE3440-KR-XL,6,3.142857142857143,3.532165125838609,5.0,1.1238703642626233,5.0,-1,1
2022-04-22,JNE3468-KR-L,9,3.7142857142857144,2.690370836538197,8.0,0.7243304148251721,8.0,-1,1
2022-04-09,JNE3567-KR-L,10,6.285714285714286,3.498298906339371,1.0,0.5565474647396215,5.0,-1,1
2022-04-13,JNE3567-KR-L,12,6.428571428571429,3.408672412985387,1.4,0.5302378484273949,7.0,-1,1
2022-04-14,JNE3567-KR-L,3,6.0,3.6514837167011076,-0.75,0.6085805180200983,-9.0,-1,1
2022-04-23,JNE3567-KR-L,5,5.142857142857143,3.4364987719368982,4.0,0.6682079646139593,4.0,-1,1
2022-04-11,JNE3567-KR-M,3,7.571428571428571,2.760262237369417,-0.7,0.36456288886123955,-7.0,-1,1
2022-04-21,JNE3567-KR-M,8,3.142857142857143,2.794552524023089,7.0,0.8891755201787718,7.0,-1,1
2022-05-09,JNE3567-KR-M,6,2.4285714285714284,1.9023794624226846,5.0,0.7833323972724713,5.0,-1,1
2022-05-26,JNE3567-KR-M,9,2.4285714285714284,2.9920529661723836,2.0,1.2320213022975042,6.0,-1,1
2022-05-27,JNE3567-KR-M,2,2.5714285714285716,2.9358214555806397,-0.7777777777777778,1.1417078998393986,-7.0,-1,1
2022-04-09,JNE3567-KR-XL,6,6.571428571428571,5.472876844254852,0.5,0.8328289582604621,2.0,-1,1
2022-04-10,JNE3567-KR-XL,1,6.428571428571429,5.623081683476385,-0.8333333333333334,0.8747014591427662,-5.0,-1,1
2022-04-13,JNE3567-KR-XL,4,6.857142857142857,5.2417736002416655,3.0,0.7644252052232339,3.0,-1,1
2022-04-15,JNE3567-KR-XL,1,6.285714285714286,5.677860093212515,-0.75,0.903295780214026,-3.0,-1,1
2022-04-16,JNE3567-KR-XL,4,4.571428571428571,3.735288603626357,3.0,0.8170942033039087,3.0,-1,1
2022-04-29,JNE3567-KR-XL,6,3.142857142857143,2.2677868380553607,5.0,0.7215683097913344,5.0,-1,1
2022-05-02,JNE3568-KR-M,9,3.4285714285714284,2.878491668515698,1.25,0.8395598251121296,5.0,-1,1
2022-05-28,JNE3568-KR-XL,5,2.4285714285714284,2.507132682112037,4.0,1.0323483263732927,4.0,-1,1
2022-04-14,JNE3613-KR-XL,6,1.7142857142857142,1.889822365046136,5.0,1.1023957365460666,5.0,-1,1
2022-06-04,JNE3613-KR-XL,6,1.8571428571428572,1.864454471471608,5.0,1.0039364825189137,5.0,-1,1
2022-06-01,JNE3619-KR-L,8,2.142857142857143,2.6095064302514777,7.0,1.2177690991584433,7.0,-1,1
2022-06-16,JNE3619-KR-XL,6,2.142857142857143,1.7728105208558367,5.0,0.8273111903208349,5.0,-1,1
2022-06-01,JNE3703-KR-XL,7,2.4285714285714284,2.0701966780270626,2.5,0.8524335752443771,5.0,-1,1
2022-06-06,JNE3721-KR-XL,7,4.571428571428571,2.2253945610567474,2.5,0.48680495374257987,5.0,-1,1
2022-04-30,JNE3721-KR-XXL,6,2.0,1.8257418583505536,5.0,0.9128704727400404,5.0,-1,1
2022-06-05,JNE3781-KR-XL,6,2.4285714285714284,1.8126539343499313,5.0,0.7463866068084277,5.0,-1,1
2022-06-08,JNE3781-KR-XXL,6,2.4285714285714284,1.8126539343499313,5.0,0.7463866068084277,5.0,-1,1
2022-06-16,JNE3797-KR-A-M,14,7.0,3.785938897200183,0.75,0.5408483366216923,6.0,-1,1
2022-06-20,JNE3797-KR-A-M,4,7.285714285714286,3.4016802570830458,-0.7142857142857143,0.466897226103936,-10.0,-1,1
2022-06-21,JNE3797-KR-A-M,7,7.714285714285714,3.0937725468153885,0.75,0.40104453741473994,3.0,-1,1
2022-06-25,JNE3797-KR-A-M,4,6.0,4.203173404306165,3.0,0.7005287839628969,3.0,-1,1
2022-06-26,JNE3797-KR-A-M,9,6.142857142857143,4.2983939414844805,1.25,0.6997384347028446,5.0,-1,1
2022-06-18,JNE3797-KR-A-S,9,4.285714285714286,2.2146697055682827,3.5,0.5167561440561657,7.0,-1,1
2022-05-19,JNE3797-KR-L,18,6.285714285714286,5.52914356581818,2.6,0.8796363364380206,13.0,-1,1
2022-05-20,JNE3797-KR-L,7,6.142857142857143,5.4902511001644685,-0.6111111111111112,0.8937616615074336,-11.0,-1,1
2022-05-24,JNE3797-KR-L,4,6.428571428571429,5.287001130355559,-0.4285714285714286,0.822422270122956,-3.0,-1,1
2022-05-26,JNE3797-KR-L,1,6.142857142857143,5.550632739564366,-0.75,0.903591229111906,-3.0,-1,1
2022-06-08,JNE3797-KR-L,18,4.0,6.271629240742261,8.0,1.5679069182088357,16.0,-1,1
2022-06-09,JNE3797-KR-L,21,6.428571428571429,8.978811035936085,0.16666666666666674,1.3967037216583675,3.0,-1,1
2022-06-10,JNE3797-KR-L,6,7.142857142857143,8.668497975016038,-0.7142857142857143,1.2135895465997086,-15.0,-1,1
2022-06-14,JNE3797-KR-L,1,7.142857142857143,8.668497975016038,-0.8333333333333334,1.2135895465997086,-5.0,-1,1
2022-06-24,JNE3797-KR-L,23,10.285714285714286,9.961831921795069,22.0,0.9685113426803622,22.0,-1,1
2022-06-25,JNE3797-KR-L,16,12.428571428571429,9.216961590045873,-0.30434782608695654,0.7415945510248191,-7.0,-1,1
2022-06-26,JNE3797-KR-L,27,16.0,9.345230512584124,0.6875,0.5840768705317033,11.0,-1,1
2022-06-27,JNE3797-KR-L,3,13.857142857142858,10.46308704332476,-0.8888888888888888,0.7550680826576984,-24.0,-1,1
2022-05-19,JNE3797-KR-M,12,3.857142857142857,3.804758924845367,11.0,0.9864187247772775,11.0,-1,1
2022-05-20,JNE3797-KR-M,15,5.428571428571429,5.68205194324324,0.25,1.0466935862065152,3.0,-1,1
2022-05-24,JNE3797-KR-M,1,5.285714285714286,5.79408565447807,-0.9333333333333333,1.0961781596783613,-14.0,-1,1
2022-05-26,JNE3797-KR-M,25,8.428571428571429,9.271050693011064,24.0,1.0999550364642745,24.0,-1,1
2022-05-27,JNE3797-KR-M,4,8.428571428571429,9.271050693011064,-0.84,1.0999550364642745,-21.0,-1,1
2022-05-29,JNE3797-KR-M,1,8.428571428571429,9.271050693011064,-0.75,1.0999550364642745,-3.0,-1,1
2022-05-30,JNE3797-KR-M,1,8.428571428571429,9.271050693011064,0.0,1.0999550364642745,0.0,-1,1
2022-06-01,JNE3797-KR-M,1,6.857142857142857,9.494359227607577,0.0,1.3845938521061683,0.0,-1,1
2022-06-02,JNE3797-KR-M,1,4.857142857142857,8.952254305081885,0.0,1.843110800994047,0.0,-1,1
2022-06-04,JNE3797-KR-M,1,4.857142857142857,8.952254305081885,0.0,1.843110800994047,0.0,-1,1
2022-06-05,JNE3797-KR-M,12,3.0,4.1231056256176615,11.0,1.374368083749859,11.0,-1,1
2022-06-06,JNE3797-KR-M,16,4.714285714285714,6.447590912226719,0.33333333333333326,1.367670509451317,4.0,-1,1
2022-06-07,JNE3797-KR-M,3,5.0,6.298147875897061,-0.8125,1.2596293232535474,-13.0,-1,1
2022-06-08,JNE3797-KR-M,1,5.0,6.298147875897061,-0.6666666666666667,1.2596293232535474,-2.0,-1,1
2022-06-10,JNE3797-KR-M,5,5.571428571428571,6.051367417290708,4.0,1.0861426748214418,4.0,-1,1
2022-06-13,JNE3797-KR-M,1,5.571428571428571,6.051367417290708,-0.8,1.0861426748214418,-4.0,-1,1
2022-05-18,JNE3797-KR-S,14,4.428571428571429,5.061526214398936,6.0,1.142925016139272,12.0,-1,1
2022-05-19,JNE3797-KR-S,14,6.285714285714286,5.908025211926732,0.0,0.9399129523658285,0.0,-1,1
2022-05-20,JNE3797-KR-S,8,7.142857142857143,5.610364558225292,-0.4285714285714286,0.7854509281884109,-6.0,-1,1
2022-05-21,JNE3797-KR-S,12,8.571428571428571,5.349677337844557,0.5,0.6241289499334876,4.0,-1,1
2022-05-22,JNE3797-KR-S,1,7.428571428571429,6.0513674172907095,-0.9166666666666666,0.8146070426689551,-11.0,-1,1
2022-05-27,JNE3797-KR-S,19,8.142857142857142,7.151423434733616,18.0,0.8782448753582665,18.0,-1,1
2022-05-28,JNE3797-KR-S,15,8.285714285714286,7.296444013222827,-0.21052631578947367,0.8806052056607474,-4.0,-1,1
2022-05-29,JNE3797-KR-S,8,8.285714285714286,7.296444013222827,-0.4666666666666667,0.8806052056607474,-7.0,-1,1
2022-05-30,JNE3797-KR-S,4,7.142857142857143,7.244045173533258,-0.5,1.0141661823113906,-4.0,-1,1
2022-06-02,JNE3797-KR-S,3,7.428571428571429,6.9965978126787425,-0.25,0.9418495787654643,-1.0,-1,1
2022-06-04,JNE3797-KR-S,2,7.428571428571429,6.9965978126787425,-0.33333333333333337,0.9418495787654643,-1.0,-1,1
2022-06-05,JNE3797-KR-S,1,7.428571428571429,6.9965978126787425,-0.5,0.9418495787654643,-1.0,-1,1
2022-06-27,JNE3797-KR-S,9,2.5714285714285716,2.93582145558064,2.0,1.1417078998393988,6.0,-1,1
2022-06-28,JNE3797-KR-S,16,4.571428571428571,5.8268671644701975,0.7777777777777777,1.2746269134032184,7.0,-1,1
2022-06-29,JNE3797-KR-S,4,5.0,5.627314338711378,-0.75,1.1254626426497472,-12.0,-1,1
2022-05-26,JNE3797-KR-XL,15,5.857142857142857,5.429197958832453,14.0,0.9269360786164542,14.0,-1,1
2022-05-27,JNE3797-KR-XL,33,10.428571428571429,11.133390361986818,1.2000000000000002,1.0675852748056274,18.0,-1,1
2022-05-28,JNE3797-KR-XL,8,10.142857142857142,11.171818285736832,-0.7575757575757576,1.1014467646483166,-25.0,-1,1
2022-05-29,JNE3797-KR-XL,4,9.571428571428571,11.399665826346883,-0.5,1.1910097380202989,-4.0,-1,1
2022-05-30,JNE3797-KR-XL,1,9.0,11.761519176251568,-0.75,1.3068353188240278,-3.0,-1,1
2022-06-01,JNE3797-KR-XL,1,9.0,11.761519176251568,0.0,1.3068353188240278,0.0,-1,1
2022-06-02,JNE3797-KR-XL,2,9.142857142857142,11.653734328940395,1.0,1.274627052815522,1.0,-1,1
2022-06-03,JNE3797-KR-XL,3,7.428571428571429,11.530497862294627,0.5,1.552182195592058,1.0,-1,1
2022-06-08,JNE3797-KR-XL,9,2.7142857142857144,2.8702082220799285,8.0,1.057444744865594,8.0,-1,1
2022-05-27,JNE3797-KR-XS,9,3.7142857142857144,3.302235894778249,3.5,0.8890632707694172,7.0,-1,1
2022-05-28,JNE3797-KR-XS,11,4.285714285714286,4.191828786034631,0.22222222222222232,0.9780931551863444,2.0,-1,1
2022-05-29,JNE3797-KR-XS,5,4.285714285714286,4.191828786034631,-0.5454545454545454,0.9780931551863444,-6.0,-1,1
2022-05-30,JNE3797-KR-XS,10,5.571428571428571,4.3915503282684,1.0,0.7882268405202798,5.0,-1,1
2022-06-01,JNE3797-KR-XS,2,7.0,3.915780041490244,-0.8,0.5593970688704536,-8.0,-1,1
2022-06-06,JNE3797-KR-XS,5,4.857142857142857,3.891382420536067,4.0,0.8011668039877895,4.0,-1,1
2022-06-10,JNE3797-KR-XS,13,5.0,4.281744192888376,1.1666666666666665,0.8563486673079418,7.0,-1,1
2022-06-11,JNE3797-KR-XS,5,5.428571428571429,4.07664661444276,-0.6153846153846154,0.7509610801150463,-8.0,-1,1
2022-06-16,JNE3797-KR-XS,4,5.857142857142857,3.6709931185158164,3.0,0.6267548156665124,3.0,-1,1
2022-06-24,JNE3797-KR-XS,8,3.5714285714285716,2.439750182371329,7.0,0.6831298597876112,7.0,-1,1
2022-06-26,JNE3797-KR-XS,19,6.714285714285714,6.129553700835697,1.1111111111111112,0.9129121173503203,10.0,-1,1
2022-06-27,JNE3797-KR-XS,4,6.714285714285714,6.129553700835697,-0.7894736842105263,0.9129121173503203,-15.0,-1,1
2022-06-29,JNE3797-KR-XS,1,6.428571428571429,6.3733074317066825,-0.75,0.9914032240472046,-3.0,-1,1
2022-05-21,JNE3797-KR-XXL,12,5.428571428571429,4.117326918327103,0.7142857142857142,0.7584548189238417,5.0,-1,1
2022-05-24,JNE3797-KR-XXL,1,5.285714285714286,4.270608298368657,-0.9166666666666666,0.80795276845706,-11.0,-1,1
2022-06-09,JNE3797-KR-XXL,16,3.857142857142857,5.459809869356606,3.0,1.4155058954427768,12.0,-1,1
2022-06-10,JNE3797-KR-XXL,12,5.285714285714286,6.156684327197708,-0.25,1.1647778955929375,-4.0,-1,1
2022-06-11,JNE3797-KR-XXL,14,7.0,6.733003292241384,0.16666666666666674,0.9618574757691297,2.0,-1,1
2022-06-12,JNE3797-KR-XXL,11,8.428571428571429,6.294366339755545,-0.2142857142857143,0.7467891381485567,-3.0,-1,1
2022-06-13,JNE3797-KR-XXL,2,8.571428571428571,6.106202935189288,-0.8181818181818181,0.7123902593265534,-9.0,-1,1
2022-06-15,JNE3797-KR-XXL,1,8.285714285714286,6.395683067879607,-0.5,0.7718926908949726,-1.0,-1,1
2022-06-17,JNE3797-KR-XXL,3,6.428571428571429,5.623081683476387,2.0,0.8747014591427664,2.0,-1,1
2022-06-18,JNE3797-KR-XXL,1,4.857142857142857,5.336308693862312,-0.6666666666666667,1.0986515637198602,-2.0,-1,1
2022-06-24,JNE3797-KR-XXL,6,3.7142857142857144,3.638419332360588,5.0,0.979574171904035,5.0,-1,1
2022-06-25,JNE3797-KR-XXL,14,4.142857142857143,4.670066788550656,1.3333333333333335,1.1272572285880686,8.0,-1,1
2022-06-26,JNE3797-KR-XXL,12,5.571428571428571,5.380741673076396,-0.1428571428571429,0.9657739731055631,-2.0,-1,1
2022-05-19,JNE3797-KR-XXXL,12,3.857142857142857,3.804758924845367,2.0,0.9864187247772775,8.0,-1,1
2022-05-20,JNE3797-KR-XXXL,7,4.428571428571429,3.9520940802374143,-0.41666666666666663,0.8924081391872556,-5.0,-1,1
2022-05-27,JNE3797-KR-XXXL,4,4.571428571428571,3.9520940802374143,3.0,0.8645203909380988,3.0,-1,1
2022-06-08,JNE3797-KR-XXXL,6,2.2857142857142856,1.9760470401187076,5.0,0.8645202018243463,5.0,-1,1
2022-06-27,JNE3797-KR-XXXL,12,5.285714285714286,3.94606494769518,1.0,0.7465526867026339,6.0,-1,1
2022-06-29,JNE3797-KR-XXXL,1,5.285714285714286,3.94606494769518,-0.9166666666666666,0.7465526867026339,-11.0,-1,1
2022-06-14,JNE3800-KR-L,7,3.4285714285714284,2.070196678027063,6.0,0.6038071883141302,6.0,-1,1
2022-06-18,JNE3800-KR-L,10,5.285714285714286,2.8702082220799316,2.3333333333333335,0.5430122636073966,7.0,-1,1
2022-06-15,JNE3800-KR-M,6,3.7142857142857144,2.058663459163552,5.0,0.5542553974752724,5.0,-1,1
2022-06-10,JNE3800-KR-S,7,2.142857142857143,2.193062655175134,6.0,1.0234287614816404,6.0,-1,1
2022-06-09,JNE3801-KR-M,6,4.285714285714286,1.976047040118708,5.0,0.46107753510960703,5.0,-1,1
2022-06-01,JNE3869-DR-M,6,1.7142857142857142,1.889822365046136,5.0,1.1023957365460666,5.0,-1,1
2022-05-14,JNE3870-DR-XXL,6,2.142857142857143,1.864454471471609,5.0,0.8700783473168554,5.0,-1,1
2022-05-18,SET058-KR-NP-L,10,2.857142857142857,3.3380918415851206,1.5,1.1683317356386846,6.0,-1,1
2022-05-19,SET058-KR-NP-L,3,3.0,3.3166247903553994,-0.7,1.1055412282713903,-7.0,-1,1
2022-04-27,SET098-KR-PP-S,7,3.142857142857143,2.3401261667248794,2.5,0.7445853615898466,5.0,-1,1
2022-04-26,SET110-KR-PP-M,11,5.142857142857143,3.532165125838609,2.6666666666666665,0.6868097520333888,8.0,-1,1
2022-04-15,SET187-KR-DH-M,2,3.0,3.696845502136473,-0.8181818181818181,1.2322814232850166,-9.0,-1,1
2022-05-03,SET187-KR-DH-M,8,2.4285714285714284,2.6992062325273127,1.0,1.1114374028017275,4.0,-1,1
2022-05-13,SET187-KR-DH-M,1,2.4285714285714284,2.6992062325273123,-0.875,1.1114374028017275,-7.0,-1,1
2022-04-19,SET187-KR-DH-XL,6,2.7142857142857144,1.799470821684875,5.0,0.6629626900555418,5.0,-1,1
2022-04-08,SET197-KR-NP-L,7,3.4285714285714284,2.370453040886408,2.5,0.6913819352721379,5.0,-1,1
2022-04-14,SET197-KR-NP-L,10,5.142857142857143,2.5448360411214064,1.5,0.49482913400127515,6.0,-1,1
2022-05-02,SET197-KR-NP-M,8,2.4285714285714284,2.5071326821120348,7.0,1.0323483263732918,7.0,-1,1
2022-05-03,SET197-KR-NP-M,1,2.2857142857142856,2.563479777846623,-0.875,1.121521912142061,-7.0,-1,1
2022-05-04,SET197-KR-NP-M,6,3.0,2.8284271247461903,5.0,0.9428087273124877,5.0,-1,1
2022-04-25,SET264-KR-NP-M,7,3.0,2.081665999466133,6.0,0.6938884351925659,6.0,-1,1
2022-04-07,SET268-KR-NP-L,12,12.714285714285714,5.9080252119267325,3.0,0.46467610371634166,9.0,-1,1
2022-04-08,SET268-KR-NP-L,12,13.142857142857142,5.698788509515903,0.0,0.43360344055855693,0.0,-1,1
2022-04-09,SET268-KR-NP-L,9,11.714285714285714,5.219012860502955,-0.25,0.44552545005905536,-3.0,-1,1
2022-04-10,SET268-KR-NP-L,16,11.142857142857142,4.2983939414844805,0.7777777777777777,0.38575326782203195,7.0,-1,1
2022-04-11,SET268-KR-NP-L,12,10.714285714285714,3.988077469754307,-0.25,0.3722205291031527,-4.0,-1,1
2022-04-12,SET268-KR-NP-L,11,10.714285714285714,3.988077469754307,-0.08333333333333337,0.3722205291031527,-1.0,-1,1
2022-04-13,SET268-KR-NP-L,18,12.857142857142858,3.0783421635988555,0.6363636363636365,0.239426594102287,7.0,-1,1
2022-04-14,SET268-KR-NP-L,6,12.0,4.041451884327382,-0.6666666666666667,0.33678762896164616,-12.0,-1,1
2022-04-15,SET268-KR-NP-L,2,10.571428571428571,5.533448076836688,-0.6666666666666667,0.5234342280245571,-4.0,-1,1
2022-04-16,SET268-KR-NP-L,9,10.571428571428571,5.533448076836688,3.5,0.5234342280245571,7.0,-1,1
2022-04-17,SET268-KR-NP-L,7,9.285714285714286,5.089672082242818,-0.2222222222222222,0.5481184729056987,-2.0,-1,1
2022-04-18,SET268-KR-NP-L,6,8.428571428571429,5.06152621439894,-0.1428571428571429,0.6005199880873333,-1.0,-1,1
2022-04-21,SET268-KR-NP-L,11,6.571428571428571,2.8784916685157107,0.8333333333333333,0.4380312742041534,5.0,-1,1
2022-04-23,SET268-KR-NP-L,7,7.571428571428571,2.439750182371345,-0.36363636363636365,0.3222311136034268,-4.0,-1,1
2022-05-03,SET268-KR-NP-L,9,6.571428571428571,1.5118578920369334,0.5,0.23006529638698825,3.0,-1,1
2022-04-14,SET268-KR-NP-M,10,3.5714285714285716,3.101458950082625,4.0,0.8684082628688213,8.0,-1,1
2022-04-16,SET268-KR-NP-M,9,4.857142857142857,3.38765264987284,1.25,0.6974577549089882,5.0,-1,1
2022-04-07,SET268-KR-NP-S,12,11.714285714285714,2.690370836538197,0.09090909090909083,0.22966578351349876,1.0,-1,1
2022-04-08,SET268-KR-NP-S,15,12.0,2.943920288775949,0.25,0.2453266702874399,3.0,-1,1
2022-04-09,SET268-KR-NP-S,12,12.428571428571429,2.6367367999823097,-0.19999999999999996,0.21215121971054748,-3.0,-1,1
2022-04-10,SET268-KR-NP-S,9,12.285714285714286,2.8115408417381924,-0.25,0.22884632895631446,-3.0,-1,1
2022-04-11,SET268-KR-NP-S,7,10.857142857142858,2.5448360411214086,-0.2222222222222222,0.23439277167237446,-2.0,-1,1
2022-04-12,SET268-KR-NP-S,5,10.142857142857142,3.387652649872842,-0.2857142857142857,0.33399389029792487,-2.0,-1,1
2022-04-14,SET268-KR-NP-S,12,9.285714285714286,3.860668582611297,1.4,0.41576426412198814,7.0,-1,1
2022-04-15,SET268-KR-NP-S,10,8.571428571428571,2.992052966172386,-0.16666666666666663,0.34907280532828444,-2.0,-1,1
2022-04-16,SET268-KR-NP-S,7,7.857142857142857,2.609506430251482,-0.30000000000000004,0.3321189579441394,-3.0,-1,1
2022-04-21,SET268-KR-NP-S,9,7.0,2.1602468994692927,0.8,0.30860665583751956,4.0,-1,1
2022-04-24,SET268-KR-NP-S,11,6.428571428571429,2.6367367999823155,0.8333333333333333,0.41015899397251665,5.0,-1,1
2022-04-25,SET268-KR-NP-S,5,6.285714285714286,2.690370836538202,-0.5454545454545454,0.42801347408347945,-6.0,-1,1
2022-04-26,SET268-KR-NP-S,14,7.714285714285714,3.7289089429432214,1.7999999999999998,0.4833770225363591,9.0,-1,1
2022-04-27,SET268-KR-NP-S,3,7.428571428571429,4.035556254807299,-0.7857142857142857,0.5432478842483828,-11.0,-1,1
2022-04-28,SET268-KR-NP-S,10,7.571428571428571,4.117326918327105,2.3333333333333335,0.5437978230510373,7.0,-1,1
2022-04-29,SET268-KR-NP-S,6,7.857142857142857,3.8913824205360714,-0.4,0.4952667904888176,-4.0,-1,1
2022-05-01,SET268-KR-NP-S,8,7.142857142857143,3.848314411469499,1.0,0.538763942178778,4.0,-1,1
2022-05-05,SET268-KR-NP-S,1,5.571428571428571,2.3704530408864137,-0.8571428571428572,0.42546585404984405,-6.0,-1,1
2022-04-06,SET268-KR-NP-XL,9,10.285714285714286,5.589105048046175,0.5,0.5433851601753764,3.0,-1,1
2022-04-07,SET268-KR-NP-XL,8,11.285714285714286,4.070801956792859,-0.11111111111111116,0.3607039388939549,-1.0,-1,1
2022-04-08,SET268-KR-NP-XL,7,10.285714285714286,4.15187851918806,-0.125,0.4036548167879542,-1.0,-1,1
2022-04-09,SET268-KR-NP-XL,12,10.142857142857142,4.059087394500207,0.7142857142857142,0.40019167549520734,5.0,-1,1
2022-04-10,SET268-KR-NP-XL,18,10.142857142857142,4.059087394500207,0.5,0.40019167549520734,6.0,-1,1
2022-04-11,SET268-KR-NP-XL,5,9.285714285714286,4.46147530585589,-0.7222222222222222,0.4804665196573168,-13.0,-1,1
2022-04-12,SET268-KR-NP-XL,7,9.428571428571429,4.353433237386437,0.3999999999999999,0.46172771863047013,2.0,-1,1
2022-04-13,SET268-KR-NP-XL,12,9.857142857142858,4.450789122113495,0.7142857142857142,0.4515292854215865,5.0,-1,1
2022-04-14,SET268-KR-NP-XL,15,10.857142857142858,4.740906081772816,0.25,0.4366623620496471,3.0,-1,1
2022-04-15,SET268-KR-NP-XL,9,11.142857142857142,4.525062483125562,-0.4,0.40609531460527865,-6.0,-1,1
2022-04-16,SET268-KR-NP-XL,5,10.142857142857142,5.047394424471945,-0.4444444444444444,0.49763038715339314,-4.0,-1,1
2022-04-19,SET268-KR-NP-XL,10,9.142857142857142,3.532165125838609,0.4285714285714286,0.3863305183836975,3.0,-1,1
2022-04-20,SET268-KR-NP-XL,10,8.857142857142858,3.338091841585121,0.0,0.37688129440204493,0.0,-1,1
2022-04-23,SET268-KR-NP-XL,10,8.428571428571429,1.7182493859684487,0.4285714285714286,0.20386007245353618,3.0,-1,1
2022-04-24,SET268-KR-NP-XL,15,9.714285714285714,2.6903708365381966,0.5,0.27694991054585305,5.0,-1,1
2022-04-25,SET268-KR-NP-XL,6,9.571428571428571,2.8784916685156974,-0.6,0.3007379040961874,-9.0,-1,1
2022-04-26,SET268-KR-NP-XL,9,9.428571428571429,2.8784916685156974,0.5,0.3052945385234563,3.0,-1,1
2022-04-27,SET268-KR-NP-XL,6,8.857142857142858,3.1320159337914952,-0.33333333333333337,0.3536146622780295,-3.0,-1,1
2022-05-02,SET268-KR-NP-XL,10,5.857142857142857,2.6095064302514808,1.5,0.445525412026402,6.0,-1,1
2022-04-20,SET268-KR-NP-XS,7,4.285714285714286,2.214669705568282,2.5,0.5167561440561654,5.0,-1,1
2022-05-02,SET268-KR-NP-XS,6,2.857142857142857,1.6761634196950488,5.0,0.58665699156332,5.0,-1,1
2022-04-10,SET268-KR-NP-XXL,10,7.0,2.1602468994692865,0.6666666666666667,0.3086066558375187,4.0,-1,1
2022-04-13,SET268-KR-NP-XXL,9,6.571428571428571,2.5071326821120348,0.8,0.3815201326987677,4.0,-1,1
2022-04-18,SET268-KR-NP-XXL,7,5.857142857142857,2.734262327610589,2.5,0.4668251957438477,5.0,-1,1
2022-04-22,SET268-KR-NP-XXL,8,5.142857142857143,2.1930626551751344,1.6666666666666665,0.4264287667006826,5.0,-1,1
2022-04-07,SET268-KR-NP-XXXL,9,4.571428571428571,2.935821455580639,2.0,0.6422108029246516,6.0,-1,1
2022-04-16,SET268-KR-NP-XXXL,8,5.428571428571429,1.9023794624226835,1.6666666666666665,0.3504382574708153,5.0,-1,1
2022-04-12,SET269-KR-NP-XL,8,3.5714285714285716,2.225394561056747,3.0,0.6231103026250043,6.0,-1,1
2022-04-19,SET273-KR-NP-M,9,2.857142857142857,2.853569193634026,8.0,0.9987488682098051,8.0,-1,1
2022-05-09,SET273-KR-NP-M,6,3.2857142857142856,1.8898223650461368,5.0,0.5751631534426471,5.0,-1,1
2022-04-14,SET273-KR-NP-S,7,2.2857142857142856,2.2146697055682827,6.0,0.9689175722846858,6.0,-1,1
2022-04-15,SET273-KR-NP-S,1,2.0,2.23606797749979,-0.8571428571428572,1.11803342973318,-6.0,-1,1
2022-05-04,SET278-KR-NP-L,10,2.4285714285714284,3.3594217189442417,9.0,1.3832907264455652,9.0,-1,1
2022-05-05,SET278-KR-NP-L,3,2.7142857142857144,3.302235894778249,-0.7,1.2166127761662267,-7.0,-1,1
2022-05-04,SET278-KR-NP-M,7,1.8571428571428572,2.2677868380553634,6.0,1.2211153321984785,6.0,-1,1
2022-05-06,SET278-KR-NP-M,9,3.2857142857142856,3.3523268393901033,2.0,1.0202730753834433,6.0,-1,1
2022-05-07,SET278-KR-NP-M,1,3.2857142857142856,3.3523268393901033,-0.8888888888888888,1.0202730753834433,-8.0,-1,1
2022-05-05,SET278-KR-NP-XL,3,3.0,3.1622776601683795,-0.7,1.0540922020253924,-7.0,-1,1
2022-05-13,SET278-KR-NP-XL,4,3.0,3.3166247903554003,3.0,1.1055412282713906,3.0,-1,1
2022-05-15,SET293-KR-NP-M,6,2.7142857142857144,1.9760470401187076,5.0,0.7280170623532376,5.0,-1,1
2022-04-15,SET324-KR-NP-L,7,1.8571428571428572,2.2677868380553634,6.0,1.2211153321984785,6.0,-1,1
2022-04-28,SET324-KR-NP-L,7,3.7142857142857144,2.7516228977511745,6.0,0.740821349942645,6.0,-1,1
2022-05-02,SET324-KR-NP-L,15,6.428571428571429,4.859943170351646,2.0,0.7559910422338717,10.0,-1,1
2022-05-03,SET324-KR-NP-L,7,7.285714285714286,4.23140188409963,-0.5333333333333333,0.5807805710437924,-8.0,-1,1
2022-05-08,SET324-KR-NP-L,1,7.285714285714286,4.23140188409963,-0.8571428571428572,0.5807805710437924,-6.0,-1,1
2022-04-20,SET324-KR-NP-M,6,2.142857142857143,1.864454471471609,5.0,0.8700783473168554,5.0,-1,1
2022-04-29,SET324-KR-NP-M,11,6.0,3.3166247903554007,4.5,0.5527707062641157,9.0,-1,1
2022-05-02,SET324-KR-NP-M,13,6.428571428571429,4.2370250120079485,1.6,0.6590926771201533,8.0,-1,1
2022-05-03,SET324-KR-NP-M,13,7.571428571428571,4.825527358301296,0.0,0.6373337178636425,0.0,-1,1
2022-05-04,SET324-KR-NP-M,8,8.428571428571429,4.157609203101499,-0.3846153846153846,0.49327560964035977,-5.0,-1,1
2022-05-05,SET324-KR-NP-M,11,9.714285714285714,3.093772546815388,0.375,0.3184765529172331,3.0,-1,1
2022-05-06,SET324-KR-NP-M,8,9.285714285714286,3.093772546815388,-0.2727272727272727,0.33317546916122204,-3.0,-1,1
2022-05-08,SET324-KR-NP-M,3,9.142857142857142,3.532165125838609,-0.625,0.3863305183836975,-5.0,-1,1
2022-05-03,SET324-KR-NP-S,13,5.428571428571429,3.8668308667927214,0.625,0.7123108179308769,5.0,-1,1
2022-05-04,SET324-KR-NP-S,8,6.142857142857143,3.804758924845367,-0.3846153846153846,0.6193792590293664,-5.0,-1,1
2022-05-05,SET324-KR-NP-S,2,6.0,3.9581140290126386,-0.75,0.6596855615545129,-6.0,-1,1
2022-05-31,SET331-KR-NP-L,6,1.8571428571428572,1.864454471471609,5.0,1.0039364825189143,5.0,-1,1
2022-05-03,SET331-KR-NP-M,6,2.5714285714285716,1.9023794624226833,5.0,0.7398139476811749,5.0,-1,1
2022-06-14,SET345-KR-NP-L,6,3.2857142857142856,1.7994708216848745,5.0,0.5476648660060895,5.0,-1,1
2022-04-30,SET345-KR-NP-M,9,4.428571428571429,2.5071326821120348,2.0,0.5661266068354192,6.0,-1,1
2022-05-27,SET345-KR-NP-M,9,4.0,3.265986323710905,3.5,0.8164963768036321,7.0,-1,1
2022-06-07,SET345-KR-NP-M,9,5.285714285714286,1.976047040118711,1.25,0.3738466665920084,5.0,-1,1
2022-05-06,SET345-KR-NP-S,7,3.0,2.081665999466133,6.0,0.6938884351925659,6.0,-1,1
2022-05-26,SET345-KR-NP-S,10,2.857142857142857,3.2366943748507486,9.0,1.1328426347028397,9.0,-1,1
2022-05-26,SET345-KR-NP-XXL,6,2.0,1.8257418583505534,5.0,0.9128704727400403,5.0,-1,1
2022-06-13,SET350-KR-NP-L,8,2.2857142857142856,2.627691364061218,7.0,1.1496144688204528,7.0,-1,1
2022-06-13,SET350-KR-NP-XL,7,2.4285714285714284,2.29906813420444,6.0,0.9466747242769419,6.0,-1,1
2022-04-23,SET374-KR-NP-XL,6,2.0,1.8257418583505538,5.0,0.9128704727400405,5.0,-1,1
2022-06-16,SET392-KR-NP-M,1,4.285714285714286,4.3094580368566735,-0.9230769230769231,1.0055399739738966,-12.0,-1,1
2022-06-17,SET392-KR-NP-M,3,4.142857142857143,4.336994790119514,2.0,1.0468605587176787,2.0,-1,1
2022-06-22,SET392-KR-NP-M,6,4.714285714285714,4.191828786034631,1.0,0.889175614485246,3.0,-1,1
2022-06-23,SET392-KR-NP-M,2,4.142857142857143,4.2594432902501635,-0.6666666666666667,1.0281412356814652,-4.0,-1,1
2022-04-16,SET397-KR-NP-XL,9,2.5714285714285716,2.9358214555806383,8.0,1.1417078998393981,8.0,-1,1
2022-04-17,SET397-KR-NP-XL,1,2.5714285714285716,2.9358214555806383,-0.8888888888888888,1.1417078998393981,-8.0,-1,1
2022-04-30,SET398-KR-PP-M,6,2.0,1.8257418583505536,5.0,0.9128704727400404,5.0,-1,1
